indeks; imie; nazwisko
s25000; Jeremi; Madej
s25001; Oliwier; Kaczmarek
s25002; Krzysztof; Morawski
s25003; Kamila; Sikora
s25004; Aniela; Piotrowska
s25005; Maciej; Szymański
s25006; Szymon; Jankowski
s25007; Piotr; Wysocki
s25008; Maja; Nowakowska
s25009; Zofia; Sowa
s25010; Joanna; Makowska
s25011; Konrad; Włodarczyk
s25012; Michał; Kowalski
s25013; Julia; Sadowska
s25014; Martyna; Wiśniewska
s25015; Tymon; Kowalski
s25016; Krzysztof; Wojciechowski
s25017; Zuzanna; Michalak
s25018; Jakub; Kot
s25019; Natalia; Nawrocka
s25020; Amelia; Michalska
s25021; Antonina; Pietrzak
s25022; Maciej; Borowski
s25023; Wiktoria; Piątek
s25024; Piotr; Jarosz
s25025; Daria; Marciniak
s25026; Franciszek; Krawczyk
s25027; Antoni; Kowalski
s25028; Krzysztof; Stępień
s25029; Piotr; Jastrzębski
s25030; Piotr; Lewandowski
s25031; Nina; Wiśniewska
s25032; Pola; Maciejewska
s25033; Jacek; Dziedzic
s25034; Olga; Lewandowska
s25035; Adrian; Nowak
s25036; Martyna; Śliwińska
s25037; Lidia; Lewandowska
s25038; Mikołaj; Kozioł
s25039; Wiktor; Sikora
s25040; Grzegorz; Kozak
s25041; Milena; Dudek
s25042; Michał; Markowski
s25043; Julian; Błaszczyk
s25044; Nikola; Grabowska
s25045; Aleksandra; Zięba
s25046; Alicja; Kurek
s25047; Piotr; Kowalski
s25048; Mikołaj; Pawłowski
s25049; Maria; Majchrzak
s25050; Martyna; Górska
s25051; Bartek; Nowakowski
s25052; Stanisław; Marszałek
s25053; Marcin; Kwiatkowski
s25054; Maria; Zielińska
s25055; Maciej; Kopeć
s25056; Tomasz; Wasilewski
s25057; Marcin; Mazur
s25058; Julia; Kozłowska
s25059; Zuzanna; Grzybowska
s25060; Patrycja; Marciniak
s25061; Jan; Kamiński
s25062; Iga; Kamińska
s25063; Marika; Brzezińska
s25064; Kinga; Majchrzak
s25065; Amelia; Wróblewska
s25066; Aleksandra; Błaszczyk
s25067; Mikołaj; Olszewski
s25068; Amelia; Polak
s25069; Ewa; Olejniczak
s25070; Klaudia; Makowska
s25071; Maria; Orłowska
s25072; Bartek; Nowak
s25073; Karolina; Lewandowska
s25074; Damian; Zawadzki
s25075; Krzysztof; Sroka
s25076; Antonina; Lis
s25077; Oskar; Andrzejewski
s25078; Zuzanna; Zając
s25079; Maria; Stępień
s25080; Weronika; Wojciechowska
s25081; Erwin; Nowak
s25082; Julia; Pietrzak
s25083; Pola; Małecka
s25084; Zuzanna; Tomaszewska
s25085; Aleksandra; Kaczmarek
s25086; Adam; Lipiński
s25087; Nadia; Kowalska
s25088; Szymon; Kozłowski
s25089; Jakub; Mazur
s25090; Jan; Żak
s25091; Nikola; Bukowska
s25092; Karina; Wysocka
s25093; Weronika; Krawczyk
s25094; Anna; Pluta
s25095; Aleksandra; Wójcik
s25096; Mateusz; Kozłowski
s25097; Natalia; Michalska
s25098; Jan; Jaworski
s25099; Mateusz; Matusiak
s25100; Jan; Grabowski
s25101; Karol; Wysocki
s25102; Kamil; Nawrocki
s25103; Julia; Polak
s25104; Bolesław; Szymański
s25105; Antoni; Ostrowski
s25106; Zuzanna; Włodarczyk
s25107; Mirosław; Lipiński
s25108; Lena; Kaczmarczyk
s25109; Hanna; Dobrowolska
s25110; Dawid; Król
s25111; Karolina; Kaczmarek
s25112; Maciej; Marciniak
s25113; Antonina; Kruk
s25114; Natalia; Dąbrowska
s25115; Kamil; Łuczak
s25116; Julia; Wysocka
s25117; Julia; Jakubowska
s25118; Jakub; Wójcik
s25119; Krystian; Karpiński
s25120; Agnieszka; Górska
s25121; Natalia; Szymańska
s25122; Adrian; Kubicki
s25123; Julia; Karpińska
s25124; Laura; Piotrowska
s25125; Szymon; Wierzbicki
s25126; Filip; Kurek
s25127; Julia; Czajkowska
s25128; Aleksandra; Jakubowska
s25129; Liwia; Kania
s25130; Aleksy; Zawadzki
s25131; Zuzanna; Urban
s25132; Ignacy; Jabłoński
s25133; Adina; Ostrowska
s25134; Magdalena; Śliwińska
s25135; Wiktoria; Wesołowska
s25136; Patrycja; Michalak
s25137; Oskar; Nowak
s25138; Agata; Malinowska
s25139; Daniel; Jankowski
s25140; Milena; Wolska
s25141; Patryk; Paluch
s25142; Kacper; Baranowski
s25143; Aleksandra; Ciesielska
s25144; Mikołaj; Jarosz
s25145; Szymon; Tomczak
s25146; Maciej; Zając
s25147; Błażej; Adamczyk
s25148; Amelia; Wójcik
s25149; Dominik; Markowski
